Creation Date,Isin Code,Security Code,Status Description,Trade Date,Value Date,Transaction Type Description,Cash Account,Cash Account Currency, Quantity ,Net Amount,Net Amount currency,Transaction Price,Transaction Price Currency,Custodian Name,Security Name,Security Quotation Currency,Gross Amount,Gross Amount Currency,Total Fees Amount,Total Fees Currency,Broker Name,Commission Broker,Commission Broker Currency,Local Tax,Local Tax Currency,%fee,ctFee
16.07.2018,CH0012032048,MLROH,Settled,13.07.2018,17.07.2018,Sale,LU81007S003111605CHF,CHF,2'000.00,464273.83,CHF,232.207,CHF,"CACEIS BANK, SWITZERLAND BRANCH",ROCHE HOLDING AG-GENUSSCHEIN,CHF,464413.15,CHF,139.32,CHF,CACEIS BANK FRANCE,139.32,CHF,0,,0.03%,0.07
16.07.2018,FR0000130650,DSY,Settled,13.07.2018,17.07.2018,Sale,LU38007S003111685EUR,EUR,4'000.00,512315.11,EUR,128.117,EUR,CACEIS BANK,DASSAULT SYSTEMES,EUR,512468.85,EUR,153.74,EUR,CACEIS BANK FRANCE,153.74,EUR,0,,0.03%,0.04
16.07.2018,NL0011794037,NL0011794037,Settled,13.07.2018,17.07.2018,Sale,LU38007S003111685EUR,EUR,20'000.00,423028.99,EUR,21.158,EUR,CACEIS BANK,KONINKLIJKE AHOLD DELHAIZE N,EUR,423155.94,EUR,126.95,EUR,CACEIS BANK FRANCE,126.95,EUR,0,,0.03%,0.01
16.07.2018,US12673P1057,CA,Settled,13.07.2018,17.07.2018,Sale,LU17007S003111601USD,USD,32'200.00,1418734.09,USD,44.071,USD,BROWN BROTHERS HARRIMAN,CA,USD,1419074.54,USD,322,USD,CACEIS BANK FRANCE,322,USD,0,,0.02%,0.01
16.07.2018,US17275R1023,CSCO US,Settled,13.07.2018,17.07.2018,Sale,LU17007S003111601USD,USD,10'000.00,435593.54,USD,43.57,USD,BROWN BROTHERS HARRIMAN,CISCO SYSTEMS,USD,435699.2,USD,100,USD,CACEIS BANK FRANCE,100,USD,0,,0.02%,0.01
16.07.2018,US7475251036,QCOM UW,Settled,13.07.2018,17.07.2018,Sale,LU17007S003111601USD,USD,6'000.00,349610.45,USD,58.279,USD,BROWN BROTHERS HARRIMAN,QUALCOMM,USD,349675,USD,60,USD,CACEIS BANK FRANCE,60,USD,0,,0.02%,0.01
19.06.2018,DE000BAY1BR7,DE000BAY1BR7,Settled,15.06.2018,15.06.2018,Sale,LU38007S003111685EUR,EUR,3'275.00,4424.53,EUR,1.351,EUR,CACEIS BANK S. A. GERMANY BRANCH,BAYER AG RTS 19-06-18,EUR,4424.53,EUR,0,,CLEARSTREAM BANKING AG,0,,0,,0.00%, -   
08.06.2018,DE0007100000,LER,Canceled,08.06.2018,01.01.1900,Change of nostro account delivery,,,7'750.00,0,,0,,CACEIS BANK S. A. GERMANY BRANCH,DAIMLER AG-REGISTERED SHARES,,0,,0,,CACEIS BANK FRANCE,0,,0,,#DIV/0!, -   
08.06.2018,DE0007100000,LER,Canceled,08.06.2018,01.01.1900,Change of nostro account receipt,,,7'750.00,0,,0,,CACEIS BANK S. A. GERMANY BRANCH,DAIMLER AG-REGISTERED SHARES,,0,,0,,CACEIS BANK FRANCE,0,,0,,#DIV/0!, -   
08.06.2018,DE0007236101,SI,Settled,08.06.2018,01.01.1900,Change of nostro account delivery,,,7'225.00,0,,0,,CACEIS BANK S. A. GERMANY BRANCH,SIEMENS AG-REG,,0,,0,,CACEIS BANK FRANCE,0,,0,,#DIV/0!, -   
08.06.2018,DE000A0HN5C6,DE000A0HN5C6,Settled,08.06.2018,01.01.1900,Change of nostro account receipt,,,19'200.00,0,,0,,CACEIS BANK S. A. GERMANY BRANCH,DEUTSCHE WOHNEN SE,,0,,0,,CACEIS BANK FRANCE,0,,0,,#DIV/0!, -   
08.06.2018,DE0007664039,VWPP,Settled,08.06.2018,01.01.1900,Change of nostro account receipt,,,5'600.00,0,,0,,CACEIS BANK S. A. GERMANY BRANCH,VOLKSWAGEN AG-PREF,,0,,0,,CACEIS BANK FRANCE,0,,0,,#DIV/0!, -   
08.06.2018,DE000A1ML7J1,DE000A1ML7J1,Settled,08.06.2018,01.01.1900,Change of nostro account receipt,,,17'300.00,0,,0,,CACEIS BANK S. A. GERMANY BRANCH,VONOVIA SE,,0,,0,,CACEIS BANK FRANCE,0,,0,,#DIV/0!, -   
08.06.2018,IE00BM67HR47,IE00BM67HR47,Settled,08.06.2018,01.01.1900,Change of nostro account receipt,,,80'000.00,0,,0,,CACEIS BANK S. A. GERMANY BRANCH,DBX MSCI WORLD TELECOMMS 1C,,0,,0,,CACEIS BANK FRANCE,0,,0,,#DIV/0!, -   
08.06.2018,DE000BASF111,DE000BASF111,Settled,08.06.2018,01.01.1900,Change of nostro account receipt,,,7'950.00,0,,0,,CACEIS BANK S. A. GERMANY BRANCH,BASF SE,,0,,0,,CACEIS BANK FRANCE,0,,0,,#DIV/0!, -   
08.06.2018,DE000BAY0017,BAYZF,Settled,08.06.2018,01.01.1900,Change of nostro account receipt,,,3'275.00,0,,0,,CACEIS BANK S. A. GERMANY BRANCH,BAYER AG,,0,,0,,CACEIS BANK FRANCE,0,,0,,#DIV/0!, -   
08.06.2018,DE0007236101,SI,Settled,08.06.2018,01.01.1900,Change of nostro account receipt,,,7'225.00,0,,0,,CACEIS BANK S. A. GERMANY BRANCH,SIEMENS AG-REG,,0,,0,,CACEIS BANK FRANCE,0,,0,,#DIV/0!, -   
08.06.2018,DE0005190003,BAMXF,Settled,08.06.2018,01.01.1900,Change of nostro account receipt,,,8'325.00,0,,0,,CACEIS BANK S. A. GERMANY BRANCH,BAYERISCHE MOTOREN WERKE AG,EUR,0,,0,,CACEIS BANK FRANCE,0,,0,,#DIV/0!, -   
08.06.2018,DE0007664039,VWPP,Settled,08.06.2018,01.01.1900,Change of nostro account delivery,,,5'600.00,0,,0,,CACEIS BANK S. A. GERMANY BRANCH,VOLKSWAGEN AG-PREF,,0,,0,,CACEIS BANK FRANCE,0,,0,,#DIV/0!, -   
08.06.2018,DE000A0HN5C6,DE000A0HN5C6,Settled,08.06.2018,01.01.1900,Change of nostro account delivery,,,19'200.00,0,,0,,CACEIS BANK S. A. GERMANY BRANCH,DEUTSCHE WOHNEN SE,,0,,0,,CACEIS BANK FRANCE,0,,0,,#DIV/0!, -   
08.06.2018,DE000A1ML7J1,DE000A1ML7J1,Settled,08.06.2018,01.01.1900,Change of nostro account delivery,,,17'300.00,0,,0,,CACEIS BANK S. A. GERMANY BRANCH,VONOVIA SE,,0,,0,,CACEIS BANK FRANCE,0,,0,,#DIV/0!, -   
08.06.2018,DE000BASF111,DE000BASF111,Settled,08.06.2018,01.01.1900,Change of nostro account delivery,,,7'950.00,0,,0,,CACEIS BANK S. A. GERMANY BRANCH,BASF SE,,0,,0,,CACEIS BANK FRANCE,0,,0,,#DIV/0!, -   
08.06.2018,DE000BAY0017,BAYZF,Settled,08.06.2018,01.01.1900,Change of nostro account delivery,,,3'275.00,0,,0,,CACEIS BANK S. A. GERMANY BRANCH,BAYER AG,,0,,0,,CACEIS BANK FRANCE,0,,0,,#DIV/0!, -   
08.06.2018,IE00BM67HR47,IE00BM67HR47,Settled,08.06.2018,01.01.1900,Change of nostro account delivery,,,80'000.00,0,,0,,CACEIS BANK S. A. GERMANY BRANCH,DBX MSCI WORLD TELECOMMS 1C,,0,,0,,CACEIS BANK FRANCE,0,,0,,#DIV/0!, -   
08.06.2018,DE0005190003,BAMXF,Settled,08.06.2018,01.01.1900,Change of nostro account delivery,,,8'325.00,0,,0,,CACEIS BANK S. A. GERMANY BRANCH,BAYERISCHE MOTOREN WERKE AG,EUR,0,,0,,CACEIS BANK FRANCE,0,,0,,#DIV/0!, -   
25.05.2018,US78464A7303,XOP UP,Settled,25.05.2018,30.05.2018,Sale,LU17007S003111601USD,USD,25'500.00,1034785.59,USD,40.59,USD,BROWN BROTHERS HARRIMAN,S AND P OIL AND GAS EXPLOR ETF,USD,1035054.05,USD,255,USD,CACEIS BANK FRANCE,255,USD,0,,0.02%,0.01
14.05.2018,LU1628003706,LU1628003706,Settled,15.05.2018,18.05.2018,Subscription,LU38007S003111685EUR,EUR,9'750.39,1000000,EUR,102.56,EUR,CACEIS BANK LUXEMBOURG,T.F.C.L.S.Q C.M.F.F.O C.I.E 2D,EUR,1000000,EUR,0,EUR,CACEIS BANK LUXEMBOURG,0,,0,,0.00%, -   
25.04.2018,IE00B0M63060,IUKD IM,Settled,25.04.2018,01.01.1900,Change of depositary receipt,,,40'000.00,0,,0,,CLEARSTREAM BANKING,ISHARES UK DIVIDEND,,0,,0,,CACEIS BANK LUXEMBOURG,0,,0,,#DIV/0!, -   
25.04.2018,IE00B0M63060,IUKD IM,Settled,25.04.2018,01.01.1900,Change of depositary delivery,,,40'000.00,0,,0,,HSBC BANK PLC,ISHARES UK DIVIDEND,,0,,0,,CACEIS BANK LUXEMBOURG,0,,0,,#DIV/0!, -   
24.04.2018,FR0000130650,DSY,Settled,24.04.2018,26.04.2018,Purchase,LU38007S003111685EUR,EUR,2'675.00,290932.22,EUR,108.402,EUR,CACEIS BANK,DASSAULT SYSTEMES,EUR,289975.3,EUR,86.99,EUR,CACEIS BANK FRANCE,86.99,EUR,869.93,EUR,0.03%,0.03
24.04.2018,NL0010273215,NL0010273215,Settled,24.04.2018,26.04.2018,Purchase,LU38007S003111685EUR,EUR,2'000.00,320129.26,EUR,160.017,EUR,CACEIS BANK,ASML HOLDING NV,EUR,320033.25,EUR,96.01,EUR,CACEIS BANK FRANCE,96.01,EUR,0,,0.03%,0.05
24.04.2018,US78464A7303,XOP UP,Settled,24.04.2018,26.04.2018,Purchase,LU17007S003111601USD,USD,25'500.00,1006836.44,USD,39.474,USD,BROWN BROTHERS HARRIMAN,S AND P OIL AND GAS EXPLOR ETF,USD,1006581.44,USD,255,USD,CACEIS BANK FRANCE,255,USD,0,,0.03%,0.01
24.04.2018,AN8068571086,SLB UN,Settled,24.04.2018,26.04.2018,Sale,LU17007S003111601USD,USD,4'500.00,311411.85,USD,69.214,USD,BROWN BROTHERS HARRIMAN,SCHLUMBERGER,USD,311464.04,USD,45,USD,CACEIS BANK FRANCE,45,USD,0,,0.01%,0.01
24.04.2018,DE000BAY0017,BAYZF,Settled,24.04.2018,26.04.2018,Sale,LU38007S003111685EUR,EUR,1'600.00,156398.79,EUR,97.779,EUR,CACEIS BANK S. A. GERMANY BRANCH,BAYER AG,EUR,156445.72,EUR,46.93,EUR,CACEIS BANK FRANCE,46.93,EUR,0,,0.03%,0.03
24.04.2018,FR0010411983,SCR,Settled,24.04.2018,26.04.2018,Sale,LU38007S003111685EUR,EUR,6'000.00,212638.29,EUR,35.45,EUR,CACEIS BANK,SCOR,EUR,212702.1,EUR,63.81,EUR,CACEIS BANK FRANCE,63.81,EUR,0,,0.03%,0.01
24.04.2018,GB0002634946,BAESF,Settled,24.04.2018,26.04.2018,Sale,LU07007S003111603GBP,GBP,25'000.00,153883.57,GBP,6.157,GBP,HSBC BANK PLC,BAE SYSTEMS,GBP,153930.75,GBP,46.18,GBP,CACEIS BANK FRANCE,46.18,GBP,0,,0.03%,0
24.04.2018,GB0007980591,BPLC,Settled,24.04.2018,26.04.2018,Sale,LU07007S003111603GBP,GBP,30'000.00,159491.14,GBP,5.318,GBP,HSBC BANK PLC,BP,GBP,159540,GBP,47.86,GBP,CACEIS BANK FRANCE,47.86,GBP,0,,0.03%,0
24.04.2018,LU0274221281,XSMI GT,Settled,24.04.2018,26.04.2018,Sale,LU81007S003111605CHF,CHF,11'000.00,998500.36,CHF,90.8,CHF,"CACEIS BANK, SWITZERLAND BRANCH",DBX SWISS LargeC 1D,CHF,998800,CHF,299.64,CHF,CACEIS BANK FRANCE,299.64,CHF,0,,0.03%,0.03
24.04.2018,LU0292103651,LU0292103651,Settled,24.04.2018,26.04.2018,Sale,LU38007S003111685EUR,EUR,20'000.00,841792.91,EUR,42.102,EUR,CACEIS BANK S. A. GERMANY BRANCH,DBX STOXX600 BANKS 1C,EUR,842045.52,EUR,252.61,EUR,CACEIS BANK FRANCE,252.61,EUR,0,,0.03%,0.01
24.04.2018,NL0009434992,NL0009434992,Settled,24.04.2018,26.04.2018,Sale,LU17007S003111601USD,USD,4'500.00,489728.62,USD,108.841,USD,BROWN BROTHERS HARRIMAN,LYONDELLBASELL INDUSTRIES NV,USD,489784.93,USD,45,USD,CACEIS BANK FRANCE,45,USD,0,,0.01%,0.01
24.04.2018,US1667641005,CVX,Settled,24.04.2018,26.04.2018,Sale,LU17007S003111601USD,USD,2'900.00,361611.66,USD,124.707,USD,BROWN BROTHERS HARRIMAN,CHEVRON TEXACO,USD,361649.01,USD,29,USD,CACEIS BANK FRANCE,29,USD,0,,0.01%,0.01
24.04.2018,US2910111044,EMR,Settled,24.04.2018,26.04.2018,Sale,LU17007S003111601USD,USD,4'000.00,283201.96,USD,70.812,USD,BROWN BROTHERS HARRIMAN,EMERSON ELECTRIC,USD,283248.5,USD,40,USD,CACEIS BANK FRANCE,40,USD,0,,0.01%,0.01
24.04.2018,AN8068571086,SLB UN,Settled,24.04.2018,26.04.2018,Purchase,LU17007S003111601USD,USD,2'000.00,138493,USD,69.236,USD,BROWN BROTHERS HARRIMAN,SCHLUMBERGER,USD,138473,USD,20,USD,CACEIS BANK FRANCE,20,USD,0,,0.01%,0.01
24.04.2018,CH0012005267,NVSEF,Settled,24.04.2018,26.04.2018,Purchase,LU81007S003111605CHF,CHF,2'150.00,162760.81,CHF,75.68,CHF,"CACEIS BANK, SWITZERLAND BRANCH",NOVARTIS AG,CHF,162712,CHF,48.81,CHF,CACEIS BANK FRANCE,48.81,CHF,0,,0.03%,0.02
24.04.2018,DK0060534915,NOVOB DC,Settled,24.04.2018,26.04.2018,Purchase,LU83007S003111610DKK,DKK,10'800.00,3095541.08,DKK,286.538,DKK,DANSKE BANK A/S,NOVO NORDISK AS,DKK,3094612.7,DKK,928.38,DKK,CACEIS BANK FRANCE,928.38,DKK,0,,0.03%,0.09
23.04.2018,FR0000121329,HO,Settled,23.04.2018,25.04.2018,Sale,LU38007S003111685EUR,EUR,3'700.00,383910.39,EUR,103.791,EUR,CACEIS BANK,THALES,EUR,384025.6,EUR,115.21,EUR,CACEIS BANK FRANCE,115.21,EUR,0,,0.03%,0.03
23.04.2018,GB00B03MLX29,RDSA,Settled,23.04.2018,25.04.2018,Sale,LU38007S003111685EUR,EUR,7'600.00,219878.02,EUR,28.94,EUR,CACEIS BANK,ROYAL DUTCH SHELL - A,EUR,219944,EUR,65.98,EUR,CACEIS BANK FRANCE,65.98,EUR,0,,0.03%,0.01
23.04.2018,US58933Y1055,MRK,Settled,23.04.2018,25.04.2018,Sale,LU17007S003111601USD,USD,9'475.00,564606.96,USD,59.601,USD,BROWN BROTHERS HARRIMAN,MERCK AND,USD,564714.75,USD,94.75,USD,CACEIS BANK FRANCE,94.75,USD,0,,0.02%,0.01
23.04.2018,FR0000120628,CS FP,Settled,23.04.2018,25.04.2018,Sale,LU38007S003111685EUR,EUR,15'700.00,370280.38,EUR,23.592,EUR,CACEIS BANK,AXA,EUR,370391.5,EUR,111.12,EUR,CACEIS BANK FRANCE,111.12,EUR,0,,0.03%,0.01
23.04.2018,US1101221083,BMY UN,Settled,23.04.2018,25.04.2018,Purchase,LU17007S003111601USD,USD,9'900.00,507147.47,USD,51.217,USD,BROWN BROTHERS HARRIMAN,BRISTOL MYERS SQUIBB,USD,507048.47,USD,99,USD,CACEIS BANK FRANCE,99,USD,0,,0.02%,0.01
23.04.2018,US0382221051,AMAT,Settled,23.04.2018,25.04.2018,Purchase,LU17007S003111601USD,USD,9'900.00,505892.14,USD,51.09,USD,BROWN BROTHERS HARRIMAN,APPLIED MATERIALS,USD,505793.14,USD,99,USD,CACEIS BANK FRANCE,99,USD,0,,0.02%,0.01
23.04.2018,SE0007100599,SHBA SS,Settled,23.04.2018,25.04.2018,Purchase,LU31007S003111608SEK,SEK,43'000.00,4335043.08,SEK,100.785,SEK,SKANDINAVISKA ENSKILDA BANKEN AB,SVENSKA HANDELSBANKEN AB,SEK,4333742.96,SEK,"1,300.120",SEK,CACEIS BANK FRANCE,"1,300.120",SEK,0,,#VALUE!,#VALUE!
23.04.2018,GB00B24CGK77,RBGPF,Settled,23.04.2018,25.04.2018,Purchase,LU07007S003111603GBP,GBP,6'700.00,371248.36,GBP,55.118,GBP,HSBC BANK PLC,RECKITT BENCKISER,GBP,369290.12,GBP,110.79,GBP,CACEIS BANK FRANCE,110.79,GBP,0,,0.03%,0.02
23.04.2018,US7427181091,PGP,Settled,23.04.2018,25.04.2018,Purchase,LU17007S003111601USD,USD,4'000.00,294262.57,USD,73.556,USD,BROWN BROTHERS HARRIMAN,PROCTER AND GAMBLE,USD,294222.57,USD,40,USD,CACEIS BANK FRANCE,40,USD,0,,0.01%,0.01
24.04.2018,IE00B0M63060,IUKD IM,Settled,23.04.2018,25.04.2018,Sale,LU07007S003111603GBP,GBP,61'000.00,543330,GBP,8.91,GBP,CLEARSTREAM BANKING,ISHARES UK DIVIDEND,GBP,543495.3,GBP,163.05,GBP,CACEIS BANK FRANCE,163.05,GBP,0,,0.03%,0
23.04.2018,US4878361082,K,Settled,23.04.2018,25.04.2018,Purchase,LU17007S003111601USD,USD,4'000.00,241766.86,USD,60.432,USD,BROWN BROTHERS HARRIMAN,KELLOGG,USD,241726.86,USD,40,USD,CACEIS BANK FRANCE,40,USD,0,,0.02%,0.01
23.04.2018,US3703341046,GIS,Settled,23.04.2018,25.04.2018,Purchase,LU17007S003111601USD,USD,5'100.00,225620.5,USD,44.229,USD,BROWN BROTHERS HARRIMAN,GENERAL MILLS,USD,225569.5,USD,51,USD,CACEIS BANK FRANCE,51,USD,0,,0.02%,0.01
23.04.2018,US7475251036,QCOM UW,Settled,23.04.2018,25.04.2018,Purchase,LU17007S003111601USD,USD,5'700.00,290738.64,USD,50.997,USD,BROWN BROTHERS HARRIMAN,QUALCOMM,USD,290681.64,USD,57,USD,CACEIS BANK FRANCE,57,USD,0,,0.02%,0.01
23.04.2018,US60871R2094,TAP,Settled,23.04.2018,25.04.2018,Purchase,LU17007S003111601USD,USD,2'800.00,199469.34,USD,71.229,USD,BROWN BROTHERS HARRIMAN,MOLSONORS BREWING,USD,199441.34,USD,28,USD,CACEIS BANK FRANCE,28,USD,0,,0.01%,0.01
06.03.2018,DE0007100000,LER,Settled,06.03.2018,08.03.2018,Purchase,LU38007S003111685EUR,EUR,3'000.00,203156.93,EUR,67.699,EUR,CACEIS BANK S. A. GERMANY BRANCH,DAIMLER AG-REGISTERED SHARES,EUR,203096,EUR,60.93,EUR,CACEIS BANK FRANCE,60.93,EUR,0,,0.03%,0.02
01.03.2018,NL0011794037,NL0011794037,Settled,01.03.2018,05.03.2018,Sale,LU38007S003111685EUR,EUR,700,12855.8,EUR,18.394,EUR,CACEIS BANK,KONINKLIJKE AHOLD DELHAIZE N,EUR,12875.8,EUR,20,EUR,CACEIS BANK FCE AGENT DE NEGO/EXE,20,EUR,0,,0.16%,0.03
07.02.2018,FR0000120172,CA,Settled,07.02.2018,09.02.2018,Sale,LU38007S003111685EUR,EUR,30'000.00,550201.78,EUR,18.346,EUR,CACEIS BANK,CARREFOUR,EUR,550366.89,EUR,165.11,EUR,CACEIS BANK FRANCE,165.11,EUR,0,,0.03%,0.01
07.02.2018,FR0000121329,HO,Settled,07.02.2018,09.02.2018,Purchase,LU38007S003111685EUR,EUR,2'400.00,208912.33,EUR,86.76,EUR,CACEIS BANK,THALES,EUR,208225.18,EUR,62.47,EUR,CACEIS BANK FRANCE,62.47,EUR,624.68,EUR,0.03%,0.03
07.02.2018,DE0007100000,LER,Settled,07.02.2018,09.02.2018,Purchase,LU38007S003111685EUR,EUR,1'150.00,80519.87,EUR,69.996,EUR,CACEIS BANK S. A. GERMANY BRANCH,DAIMLER AG-REGISTERED SHARES,EUR,80495.72,EUR,24.15,EUR,CACEIS BANK FRANCE,24.15,EUR,0,,0.03%,0.02
07.02.2018,GB00BDSFG982,GB00BDSFG982,Settled,07.02.2018,09.02.2018,Sale,LU38007S003111685EUR,EUR,20'000.00,506241.44,EUR,25.32,EUR,CACEIS BANK,TECHNIPFMC PLC,EUR,506393.36,EUR,151.92,EUR,CACEIS BANK FRANCE,151.92,EUR,0,,0.03%,0.01
07.02.2018,FR0010411983,SCR,Settled,07.02.2018,09.02.2018,Purchase,LU38007S003111685EUR,EUR,10'000.00,349230.5,EUR,34.808,EUR,CACEIS BANK,SCOR,EUR,348081.83,EUR,104.42,EUR,CACEIS BANK FRANCE,104.42,EUR,"1,044.250",EUR,0.03%,0.01
08.02.2018,FR0000121964,FR0000121964,Settled,07.02.2018,09.02.2018,Purchase,LU38007S003111685EUR,EUR,13'000.00,440190.44,EUR,33.749,EUR,CACEIS BANK,KLEPIERRE,EUR,438742.59,EUR,131.62,EUR,CACEIS BANK FRANCE,131.62,EUR,"1,316.230",EUR,0.03%,0.01
07.02.2018,DE000A1ML7J1,DE000A1ML7J1,Settled,07.02.2018,09.02.2018,Purchase,LU38007S003111685EUR,EUR,3'500.00,128136.07,EUR,36.599,EUR,CACEIS BANK S. A. GERMANY BRANCH,VONOVIA SE,EUR,128097.64,EUR,38.43,EUR,CACEIS BANK FRANCE,38.43,EUR,0,,0.03%,0.01
07.02.2018,DE000A0HN5C6,DE000A0HN5C6,Settled,07.02.2018,09.02.2018,Purchase,LU38007S003111685EUR,EUR,12'000.00,395476.49,EUR,32.946,EUR,CACEIS BANK S. A. GERMANY BRANCH,DEUTSCHE WOHNEN SE,EUR,395357.88,EUR,118.61,EUR,CACEIS BANK FRANCE,118.61,EUR,0,,0.03%,0.01
08.02.2018,US0382221051,AMAT,Canceled,06.02.2018,08.02.2018,Sale,LU17007S003111601USD,USD,7'850.00,386390.11,USD,49.233,USD,BROWN BROTHERS HARRIMAN,APPLIED MATERIALS,USD,386477.54,USD,78.5,USD,CACEIS BANK FRANCE,78.5,USD,0,,0.02%,0.01
08.02.2018,US0382221051,AMAT,Canceled,06.02.2018,08.02.2018,Sale,LU17007S003111601USD,USD,7'850.00,386390.11,USD,49.233,USD,BROWN BROTHERS HARRIMAN,APPLIED MATERIALS,USD,386477.54,USD,78.5,USD,CACEIS BANK FRANCE,78.5,USD,0,,0.02%,0.01
08.02.2018,US0382221051,AMAT,Canceled,06.02.2018,08.02.2018,Sale,LU17007S003111601USD,USD,7'850.00,386390.11,USD,49.233,USD,BROWN BROTHERS HARRIMAN,APPLIED MATERIALS,USD,386477.54,USD,78.5,USD,CACEIS BANK FRANCE,78.5,USD,0,,0.02%,0.01
07.02.2018,VGG607541015,VGG607541015,Settled,06.02.2018,08.02.2018,Sale,LU17007S003111601USD,USD,10'000.00,652880.54,USD,65.3,USD,BROWN BROTHERS HARRIMAN,MICHAEL KORS,USD,652995.62,USD,100,USD,CACEIS BANK FRANCE,100,USD,0,,0.02%,0.01
07.02.2018,US5128071082,LRCX,Settled,06.02.2018,08.02.2018,Sale,LU17007S003111601USD,USD,4'000.00,699455.14,USD,174.878,USD,BROWN BROTHERS HARRIMAN,LAM RESEARCH,USD,699511.3,USD,40,USD,CACEIS BANK FRANCE,40,USD,0,,0.01%,0.01
07.02.2018,US4824801009,KLAC,Settled,06.02.2018,08.02.2018,Sale,LU17007S003111601USD,USD,5'250.00,535103.52,USD,101.937,USD,BROWN BROTHERS HARRIMAN,KLA TENCOR,USD,535168.38,USD,52.5,USD,CACEIS BANK FRANCE,52.5,USD,0,,0.01%,0.01
07.02.2018,US00287Y1091,US00287Y1091,Settled,06.02.2018,08.02.2018,Sale,LU17007S003111601USD,USD,3'700.00,402628.7,USD,108.831,USD,BROWN BROTHERS HARRIMAN,ABBVIE,USD,402675,USD,37,USD,CACEIS BANK FRANCE,37,USD,0,,0.01%,0.01
07.02.2018,US5949181045,MSFT,Settled,06.02.2018,08.02.2018,Purchase,LU17007S003111601USD,USD,5'100.00,453288.89,USD,88.87,USD,BROWN BROTHERS HARRIMAN,MICROSOFT,USD,453237.89,USD,51,USD,CACEIS BANK FRANCE,51,USD,0,,0.01%,0.01
07.02.2018,US46625H1005,JPMC,Settled,06.02.2018,08.02.2018,Purchase,LU17007S003111601USD,USD,3'100.00,342767,USD,110.56,USD,BROWN BROTHERS HARRIMAN,JP MORGAN CHASE AND,USD,342736,USD,31,USD,CACEIS BANK FRANCE,31,USD,0,,0.01%,0.01
07.02.2018,US30231G1022,SJ,Settled,06.02.2018,08.02.2018,Purchase,LU17007S003111601USD,USD,5'000.00,400631.24,USD,80.116,USD,BROWN BROTHERS HARRIMAN,EXXON MOBIL,USD,400581.24,USD,50,USD,CACEIS BANK FRANCE,50,USD,0,,0.01%,0.01
07.02.2018,US0382221051,AMAT,Settled,06.02.2018,08.02.2018,Sale,LU17007S003111601USD,USD,7'850.00,386390.11,USD,49.233,USD,BROWN BROTHERS HARRIMAN,APPLIED MATERIALS,USD,386477.54,USD,78.5,USD,CACEIS BANK FRANCE,78.5,USD,0,,0.02%,0.01
16.01.2018,CH0012221716,ABLZF,Settled,16.01.2018,18.01.2018,Sale,LU81007S003111605CHF,CHF,13'200.00,356820.92,CHF,27.04,CHF,"CACEIS BANK, SWITZERLAND BRANCH",ABB LTD,CHF,356928,CHF,107.08,CHF,CACEIS BANK FRANCE,107.08,CHF,0,,0.03%,0.01
15.01.2018,SE0000103699,HXGBF,Settled,15.01.2018,17.01.2018,Sale,LU31007S003111608SEK,SEK,5'350.00,2455032.55,SEK,459.022,SEK,SKANDINAVISKA ENSKILDA BANKEN AB,HEXAGON AB,SEK,2455769.28,SEK,736.73,SEK,CACEIS BANK FRANCE,736.73,SEK,0,,0.03%,0.14
15.01.2018,GB0002634946,BAESF,Settled,15.01.2018,17.01.2018,Sale,LU07007S003111603GBP,GBP,75'000.00,442884.04,GBP,5.907,GBP,HSBC BANK PLC,BAE SYSTEMS,GBP,443017.95,GBP,132.91,GBP,CACEIS BANK FRANCE,132.91,GBP,0,,0.03%,0
15.01.2018,DE0007664039,VWPP,Settled,15.01.2018,17.01.2018,Sale,LU38007S003111685EUR,EUR,2'800.00,502518.87,EUR,179.525,EUR,CACEIS BANK S. A. GERMANY BRANCH,VOLK AKTI PREF,EUR,502669.67,EUR,150.8,EUR,CACEIS BANK FRANCE,150.8,EUR,0,,0.03%,0.05
15.01.2018,GB0007980591,BPLC,Settled,15.01.2018,17.01.2018,Sale,LU07007S003111603GBP,GBP,30'000.00,159680.65,GBP,5.324,GBP,HSBC BANK PLC,BP,GBP,159729.57,GBP,47.92,GBP,CACEIS BANK FRANCE,47.92,GBP,0,,0.03%,0
15.01.2018,FR0000121972,SU FP,Settled,15.01.2018,17.01.2018,Sale,LU38007S003111685EUR,EUR,3'200.00,239169.53,EUR,74.763,EUR,CACEIS BANK,SCHNEIDER ELECTRIC,EUR,239241.3,EUR,71.77,EUR,CACEIS BANK FRANCE,71.77,EUR,0,,0.03%,0.02
07.12.2017,US1729674242,US1729674242,Settled,06.12.2017,08.12.2017,Purchase,LU17007S003111601USD,USD,2'900.00,221139.5,USD,76.245,USD,BROWN BROTHERS HARRIMAN,CITIGROUP,USD,221110.5,USD,29,USD,CACEIS BANK FRANCE,29,USD,0,,0.01%,0.01
07.12.2017,US6174464486,MS,Settled,06.12.2017,08.12.2017,Purchase,LU17007S003111601USD,USD,4'100.00,212238,USD,51.755,USD,BROWN BROTHERS HARRIMAN,Morgan Stanley,USD,212197,USD,41,USD,CACEIS BANK FRANCE,41,USD,0,,0.02%,0.01
07.12.2017,US46625H1005,JPMC,Settled,06.12.2017,08.12.2017,Purchase,LU17007S003111601USD,USD,2'100.00,221522.5,USD,105.477,USD,BROWN BROTHERS HARRIMAN,JP MORGAN CHASE AND,USD,221501.5,USD,21,USD,CACEIS BANK FRANCE,21,USD,0,,0.01%,0.01
07.12.2017,US38141G1040,GS,Settled,06.12.2017,08.12.2017,Purchase,LU17007S003111601USD,USD,900,221534.5,USD,246.138,USD,BROWN BROTHERS HARRIMAN,GOLDMAN SACHS GROUP,USD,221524.5,USD,10,USD,CACEIS BANK FRANCE,10,USD,0,,0.00%,0.01
04.12.2017,US1729674242,US1729674242,Settled,04.12.2017,06.12.2017,Purchase,LU17007S003111601USD,USD,2'900.00,222630.32,USD,76.759,USD,BROWN BROTHERS HARRIMAN,CITIGROUP,USD,222601.32,USD,29,USD,CACEIS BANK FRANCE,29,USD,0,,0.01%,0.01
04.12.2017,US38141G1040,GS,Settled,04.12.2017,06.12.2017,Purchase,LU17007S003111601USD,USD,900,226522,USD,251.68,USD,BROWN BROTHERS HARRIMAN,GOLDMAN SACHS GROUP,USD,226512,USD,10,USD,CACEIS BANK FRANCE,10,USD,0,,0.00%,0.01
04.12.2017,US46625H1005,JPMC,Settled,04.12.2017,06.12.2017,Purchase,LU17007S003111601USD,USD,2'100.00,226111.99,USD,107.662,USD,BROWN BROTHERS HARRIMAN,JP MORGAN CHASE AND,USD,226090.99,USD,21,USD,CACEIS BANK FRANCE,21,USD,0,,0.01%,0.01
04.12.2017,US6174464486,MS,Settled,04.12.2017,06.12.2017,Purchase,LU17007S003111601USD,USD,4'100.00,217591.33,USD,53.061,USD,BROWN BROTHERS HARRIMAN,Morgan Stanley,USD,217550.33,USD,41,USD,CACEIS BANK FRANCE,41,USD,0,,0.02%,0.01
13.11.2017,FR0000121972,SU FP,Settled,13.11.2017,15.11.2017,Purchase,LU38007S003111685EUR,EUR,3'200.00,227783.07,EUR,70.948,EUR,CACEIS BANK,SCHNEIDER ELECTRIC,EUR,227033.86,EUR,68.11,EUR,CACEIS BANK FRANCE,68.11,EUR,681.1,EUR,0.03%,0.02
13.11.2017,FR0000131104,BNP FP,Settled,13.11.2017,15.11.2017,Purchase,LU38007S003111685EUR,EUR,3'000.00,192301.61,EUR,63.89,EUR,CACEIS BANK,BNP PARIBAS,EUR,191669.1,EUR,57.5,EUR,CACEIS BANK FRANCE,57.5,EUR,575.01,EUR,0.03%,0.02
13.11.2017,GB0002634946,BAESF,Settled,13.11.2017,15.11.2017,Purchase,LU07007S003111603GBP,GBP,50'000.00,270434.39,GBP,5.38,GBP,HSBC BANK PLC,BAE SYSTEMS,GBP,269007.65,GBP,80.7,GBP,CACEIS BANK FRANCE,80.7,GBP,0,,0.03%,0
13.11.2017,DE0007236101,SI,Settled,13.11.2017,15.11.2017,Purchase,LU38007S003111685EUR,EUR,2'400.00,280198.03,EUR,116.714,EUR,CACEIS BANK S. A. GERMANY BRANCH,SIEMENS AG,EUR,280114,EUR,84.03,EUR,CACEIS BANK FRANCE,84.03,EUR,0,,0.03%,0.04
13.11.2017,FR0000120578,SAN,Settled,13.11.2017,15.11.2017,Purchase,LU38007S003111685EUR,EUR,5'800.00,445083.06,EUR,76.486,EUR,CACEIS BANK,SANOFI,EUR,443619.11,EUR,133.09,EUR,CACEIS BANK FRANCE,133.09,EUR,"1,330.860",EUR,0.03%,0.02
06.11.2017,US4878361082,K,Settled,06.11.2017,08.11.2017,Purchase,LU17007S003111601USD,USD,8'000.00,486194,USD,60.764,USD,BROWN BROTHERS HARRIMAN,KELLOGG,USD,486114,USD,80,USD,CACEIS BANK FRANCE,80,USD,0,,0.02%,0.01
06.11.2017,VGG607541015,VGG607541015,Settled,06.11.2017,08.11.2017,Sale,LU17007S003111601USD,USD,9'500.00,511081.87,USD,53.809,USD,BROWN BROTHERS HARRIMAN,MICHAEL KORS,USD,511188.68,USD,95,USD,CACEIS BANK FRANCE,95,USD,0,,0.02%,0.01
31.10.2017,CH0012221716,ABLZF,Settled,31.10.2017,02.11.2017,Sale,LU81007S003111605CHF,CHF,12'000.00,310106.94,CHF,25.85,CHF,"CACEIS BANK, SWITZERLAND BRANCH",ABB LTD,CHF,310200,CHF,93.06,CHF,CACEIS BANK FRANCE,93.06,CHF,0,,0.03%,0.01
31.10.2017,US9841216081,US9841216081,Settled,31.10.2017,02.11.2017,Purchase,LU17007S003111601USD,USD,11'000.00,329221.38,USD,29.919,USD,BROWN BROTHERS HARRIMAN,XEROX CORP,USD,329111.38,USD,110,USD,CACEIS BANK FRANCE,110,USD,0,,0.03%,0.01
31.10.2017,SE0006886750,ATCOA SS,Settled,31.10.2017,02.11.2017,Sale,LU31007S003111608SEK,SEK,12'600.00,4611240.31,SEK,366.081,SEK,SKANDINAVISKA ENSKILDA BANKEN AB,ATLAS COPCO AB,SEK,4612624.1,SEK,"1,383.790",SEK,CACEIS BANK FRANCE,"1,383.790",SEK,0,,#VALUE!,#VALUE!
31.10.2017,US4581401001,INTC,Settled,31.10.2017,02.11.2017,Sale,LU17007S003111601USD,USD,13'000.00,587793.93,USD,45.226,USD,BROWN BROTHERS HARRIMAN,INTEL,USD,587937.51,USD,130,USD,CACEIS BANK FRANCE,130,USD,0,,0.02%,0.01
31.10.2017,US5949181045,MSFT,Settled,31.10.2017,02.11.2017,Sale,LU17007S003111601USD,USD,3'000.00,251391.19,USD,83.809,USD,BROWN BROTHERS HARRIMAN,MICROSOFT,USD,251427,USD,30,USD,CACEIS BANK FRANCE,30,USD,0,,0.01%,0.01
31.10.2017,CH0012032048,MLROH,Settled,31.10.2017,02.11.2017,Purchase,LU81007S003111605CHF,CHF,1'150.00,265614.66,CHF,230.9,CHF,"CACEIS BANK, SWITZERLAND BRANCH",ROCHE HOLDING AG,CHF,265535,CHF,79.66,CHF,CACEIS BANK FRANCE,79.66,CHF,0,,0.03%,0.07
31.10.2017,FR0000121329,HO,Settled,31.10.2017,02.11.2017,Purchase,LU38007S003111685EUR,EUR,5'000.00,447815.11,EUR,89.268,EUR,CACEIS BANK,THALES,EUR,446342.18,EUR,133.9,EUR,CACEIS BANK FRANCE,133.9,EUR,"1,339.030",EUR,0.03%,0.03
31.10.2017,US00206R1023,T,Settled,31.10.2017,02.11.2017,Purchase,LU17007S003111601USD,USD,10'000.00,336066.9,USD,33.597,USD,BROWN BROTHERS HARRIMAN,AT AND T INC,USD,335966.9,USD,100,USD,CACEIS BANK FRANCE,100,USD,0,,0.03%,0.01
31.10.2017,US3696041033,US3696041033,Settled,31.10.2017,02.11.2017,Purchase,LU17007S003111601USD,USD,10'000.00,201399.5,USD,20.13,USD,BROWN BROTHERS HARRIMAN,GENERAL ELECTRIC,USD,201299.5,USD,100,USD,CACEIS BANK FRANCE,100,USD,0,,0.05%,0.01
31.10.2017,US3755581036,GILD,Settled,31.10.2017,02.11.2017,Purchase,LU17007S003111601USD,USD,3'000.00,226441.07,USD,75.47,USD,BROWN BROTHERS HARRIMAN,GILEAD SCIENCES INC,USD,226411.07,USD,30,USD,CACEIS BANK FRANCE,30,USD,0,,0.01%,0.01
31.10.2017,US58933Y1055,MRK,Settled,31.10.2017,02.11.2017,Purchase,LU17007S003111601USD,USD,8'200.00,455592.25,USD,55.55,USD,BROWN BROTHERS HARRIMAN,MERCK AND,USD,455510.25,USD,82,USD,CACEIS BANK FRANCE,82,USD,0,,0.02%,0.01
31.10.2017,US60871R2094,TAP,Settled,31.10.2017,02.11.2017,Purchase,LU17007S003111601USD,USD,5'700.00,455516.02,USD,79.905,USD,BROWN BROTHERS HARRIMAN,MOLSONORS BREWING,USD,455459.02,USD,57,USD,CACEIS BANK FRANCE,57,USD,0,,0.01%,0.01
31.10.2017,US7427181091,PGP,Settled,31.10.2017,02.11.2017,Purchase,LU17007S003111601USD,USD,4'000.00,344374.01,USD,86.084,USD,BROWN BROTHERS HARRIMAN,PROCTER AND GAMBLE,USD,344334.01,USD,40,USD,CACEIS BANK FRANCE,40,USD,0,,0.01%,0.01
31.10.2017,US7551115071,RTN,Settled,31.10.2017,02.11.2017,Purchase,LU17007S003111601USD,USD,2'000.00,361760.25,USD,180.87,USD,BROWN BROTHERS HARRIMAN,RAYTHEON,USD,361740.25,USD,20,USD,CACEIS BANK FRANCE,20,USD,0,,0.01%,0.01
31.10.2017,NL0000235190,EAD,Settled,31.10.2017,02.11.2017,Sale,LU38007S003111685EUR,EUR,3'000.00,264347.48,EUR,88.142,EUR,CACEIS BANK,AIRBUS SE,EUR,264426.81,EUR,79.33,EUR,CACEIS BANK FRANCE,79.33,EUR,0,,0.03%,0.03
27.09.2017,US912796LY35,US912796LY35,Settled,26.09.2017,27.09.2017,Purchase,LU17007S003111601USD,USD,3'000'000.00,2998285.83,USD,99.943,USD,BROWN BROTHERS HARRIMAN,UNIT STAT TREA BIL ZCP 19-10-1,USD,2998285.83,USD,0,,JEFFERIES INTL LIMITED,0,,0,,0.00%, -   
09.08.2017,VGG607541015,VGG607541015,Settled,09.08.2017,14.08.2017,Sale,LU17007S003111601USD,USD,9'500.00,431614.24,USD,45.444,USD,BROWN BROTHERS HARRIMAN,MICHAEL KORS,USD,431719.21,USD,95,USD,CACEIS BANK FRANCE,95,USD,0,,0.02%,0.01
26.07.2017,IE00B0M63060,IUKD IM,Settled,26.07.2017,28.07.2017,Sale,LU07007S003111603GBP,GBP,43'000.00,393147.84,GBP,9.146,GBP,CLEARSTREAM BANKING,ISHARES UK DIV,GBP,393268.07,GBP,117.98,GBP,CACEIS BANK FRANCE,117.98,GBP,0,,0.03%,0
26.07.2017,US9130171096,UT,Settled,26.07.2017,31.07.2017,Purchase,LU17007S003111601USD,USD,3'000.00,360835.5,USD,120.268,USD,BROWN BROTHERS HARRIMAN,UNITED TECHNOLOGIES CORP,USD,360805.5,USD,30,USD,CACEIS BANK FRANCE,30,USD,0,,0.01%,0.01
26.07.2017,US00287Y1091,US00287Y1091,Settled,26.07.2017,31.07.2017,Sale,LU17007S003111601USD,USD,3'700.00,268008.13,USD,72.446,USD,BROWN BROTHERS HARRIMAN,ABBVIE,USD,268051.32,USD,37,USD,CACEIS BANK FRANCE,37,USD,0,,0.01%,0.01
26.07.2017,US0382221051,AMAT,Settled,26.07.2017,31.07.2017,Sale,LU17007S003111601USD,USD,7'850.00,369058.31,USD,47.025,USD,BROWN BROTHERS HARRIMAN,APPLIED MATERIALS,USD,369145.34,USD,78.5,USD,CACEIS BANK FRANCE,78.5,USD,0,,0.02%,0.01
26.07.2017,US0718131099,BAX US,Settled,26.07.2017,31.07.2017,Sale,LU17007S003111601USD,USD,4'800.00,294325.2,USD,61.329,USD,BROWN BROTHERS HARRIMAN,BAXTER INTL,USD,294380,USD,48,USD,CACEIS BANK FRANCE,48,USD,0,,0.02%,0.01
26.07.2017,US0970231058,BA US,Settled,26.07.2017,31.07.2017,Sale,LU17007S003111601USD,USD,1'550.00,351338.63,USD,226.685,USD,BROWN BROTHERS HARRIMAN,BOEING,USD,351362.25,USD,15.5,USD,CACEIS BANK FRANCE,15.5,USD,0,,0.00%,0.01
26.07.2017,US1491231015,CATR,Settled,26.07.2017,31.07.2017,Sale,LU17007S003111601USD,USD,4'450.00,506816.98,USD,113.904,USD,BROWN BROTHERS HARRIMAN,CATERPILLAR,USD,506873.19,USD,44.5,USD,CACEIS BANK FRANCE,44.5,USD,0,,0.01%,0.01
26.07.2017,US1897541041,COH,Settled,26.07.2017,31.07.2017,Sale,LU17007S003111601USD,USD,10'800.00,519295.25,USD,48.094,USD,BROWN BROTHERS HARRIMAN,COACH,USD,519415.25,USD,108,USD,CACEIS BANK FRANCE,108,USD,0,,0.02%,0.01
26.07.2017,US2371941053,DRI,Settled,26.07.2017,31.07.2017,Sale,LU17007S003111601USD,USD,3'200.00,276186.19,USD,86.32,USD,BROWN BROTHERS HARRIMAN,DARDEN RESTAURANTS,USD,276224.57,USD,32,USD,CACEIS BANK FRANCE,32,USD,0,,0.01%,0.01
26.07.2017,US3696041033,US3696041033,Settled,26.07.2017,31.07.2017,Sale,LU17007S003111601USD,USD,16'000.00,408621.57,USD,25.549,USD,BROWN BROTHERS HARRIMAN,GENERAL ELECTRIC,USD,408791.01,USD,160,USD,CACEIS BANK FRANCE,160,USD,0,,0.04%,0.01
26.07.2017,US3755581036,GILD,Settled,26.07.2017,31.07.2017,Sale,LU17007S003111601USD,USD,6'800.00,503285.37,USD,74.024,USD,BROWN BROTHERS HARRIMAN,GILEAD SCIENCES INC,USD,503365,USD,68,USD,CACEIS BANK FRANCE,68,USD,0,,0.01%,0.01
26.07.2017,US6937181088,PCAR US,Settled,26.07.2017,31.07.2017,Sale,LU17007S003111601USD,USD,6'700.00,458335.85,USD,68.42,USD,BROWN BROTHERS HARRIMAN,PACCAR,USD,458413.44,USD,67,USD,CACEIS BANK FRANCE,67,USD,0,,0.01%,0.01
26.07.2017,CH0012221716,ABLZF,Settled,26.07.2017,28.07.2017,Purchase,LU81007S003111605CHF,CHF,12'600.00,282702.79,CHF,22.43,CHF,"CACEIS BANK, SWITZERLAND BRANCH",ABB LTD,CHF,282618,CHF,84.79,CHF,CACEIS BANK FRANCE,84.79,CHF,0,,0.03%,0.01
26.07.2017,DE0005190003,BAMXF,Settled,26.07.2017,28.07.2017,Purchase,LU38007S003111685EUR,EUR,2'775.00,219517.42,EUR,79.082,EUR,CACEIS BANK S. A. GERMANY BRANCH,BAYERISCHE MOTOREN WERKE AG,EUR,219451.58,EUR,65.84,EUR,CACEIS BANK FRANCE,65.84,EUR,0,,0.03%,0.02
26.07.2017,DE0007100000,LER,Settled,26.07.2017,28.07.2017,Purchase,LU38007S003111685EUR,EUR,3'600.00,217490.57,EUR,60.396,EUR,CACEIS BANK S. A. GERMANY BRANCH,DAIMLER AG-REGISTERED SHARES,EUR,217425.34,EUR,65.23,EUR,CACEIS BANK FRANCE,65.23,EUR,0,,0.03%,0.02
26.07.2017,FR0000121964,FR0000121964,Settled,26.07.2017,28.07.2017,Purchase,LU38007S003111685EUR,EUR,6'200.00,219657.63,EUR,35.312,EUR,CACEIS BANK,KLEPIERRE,EUR,218935.14,EUR,65.68,EUR,CACEIS BANK FRANCE,65.68,EUR,656.81,EUR,0.03%,0.01
26.07.2017,FR0000131906,RNO FP,Settled,26.07.2017,28.07.2017,Purchase,LU38007S003111685EUR,EUR,5'375.00,441096.1,EUR,81.794,EUR,CACEIS BANK,RENAULT,EUR,439645.27,EUR,131.89,EUR,CACEIS BANK FRANCE,131.89,EUR,"1,318.940",EUR,0.03%,0.02
26.07.2017,GB0002634946,BAESF,Settled,26.07.2017,28.07.2017,Purchase,LU07007S003111603GBP,GBP,50'000.00,303095.33,GBP,6.03,GBP,HSBC BANK PLC,BAE SYSTEMS,GBP,301496.4,GBP,90.45,GBP,CACEIS BANK FRANCE,90.45,GBP,0,,0.03%,0
26.07.2017,SE0000103699,HXGBF,Settled,26.07.2017,28.07.2017,Purchase,LU31007S003111608SEK,SEK,5'350.00,2123312.9,SEK,396.762,SEK,SKANDINAVISKA ENSKILDA BANKEN AB,HEXAGON AB,SEK,2122676.1,SEK,636.8,SEK,CACEIS BANK FRANCE,636.8,SEK,0,,0.03%,0.12
26.07.2017,US3696041033,US3696041033,Settled,26.07.2017,31.07.2017,Purchase,LU17007S003111601USD,USD,32'000.00,812826.05,USD,25.391,USD,BROWN BROTHERS HARRIMAN,GENERAL ELECTRIC,USD,812506.05,USD,320,USD,CACEIS BANK FRANCE,320,USD,0,,0.04%,0.01
26.07.2017,LU0274221281,XSMI GT,Settled,26.07.2017,28.07.2017,Sale,LU81007S003111605CHF,CHF,5'200.00,487034.13,CHF,93.689,CHF,"CACEIS BANK, SWITZERLAND BRANCH",DB X TRACKERS SMI ETF 1 D D,CHF,487180.28,CHF,146.15,CHF,CACEIS BANK FRANCE,146.15,CHF,0,,0.03%,0.03
27.06.2017,US912796LP28,US912796LP28,Settled,27.06.2017,28.06.2017,Purchase,LU17007S003111601USD,USD,2'000'000.00,1997981.39,USD,99.899,USD,BROWN BROTHERS HARRIMAN,UNIT STAT TREA BIL ZCP 10-08-1,USD,1997981.39,USD,0,,MORGAN STANLEY AND CO.INTERNAT,0,,0,,0.00%, -   
22.06.2017,IE00B6YX5C33,SPY5 LN,Settled,22.06.2017,26.06.2017,Sale,LU17007S003111601USD,USD,1'000.00,243370,USD,243.38,USD,HSBC BANK PLC,SPDR SP 500 ETF,USD,243380,USD,10,USD,CACEIS BANK FRANCE,10,USD,0,,0.00%,0.01
22.06.2017,IE00B6YX5C33,SPY5 LN,Settled,22.06.2017,26.06.2017,Sale,LU17007S003111601USD,USD,1'000.00,243330,USD,243.34,USD,HSBC BANK PLC,SPDR SP 500 ETF,USD,243340,USD,10,USD,CACEIS BANK FRANCE,10,USD,0,,0.00%,0.01
22.06.2017,IE00B6YX5C33,SPY5 LN,Settled,22.06.2017,26.06.2017,Sale,LU17007S003111601USD,USD,1'000.00,243300,USD,243.31,USD,HSBC BANK PLC,SPDR SP 500 ETF,USD,243310,USD,10,USD,CACEIS BANK FRANCE,10,USD,0,,0.00%,0.01
22.06.2017,IE00B6YX5C33,SPY5 LN,Settled,22.06.2017,26.06.2017,Sale,LU17007S003111601USD,USD,1'000.00,243190,USD,243.2,USD,HSBC BANK PLC,SPDR SP 500 ETF,USD,243200,USD,10,USD,CACEIS BANK FRANCE,10,USD,0,,0.00%,0.01
22.06.2017,IE00B6YX5C33,SPY5 LN,Settled,22.06.2017,26.06.2017,Sale,LU17007S003111601USD,USD,1'000.00,243250,USD,243.26,USD,HSBC BANK PLC,SPDR SP 500 ETF,USD,243260,USD,10,USD,CACEIS BANK FRANCE,10,USD,0,,0.00%,0.01
22.06.2017,IE00B6YX5C33,SPY5 LN,Settled,22.06.2017,26.06.2017,Sale,LU17007S003111601USD,USD,1'000.00,243140,USD,243.15,USD,HSBC BANK PLC,SPDR SP 500 ETF,USD,243150,USD,10,USD,CACEIS BANK FRANCE,10,USD,0,,0.00%,0.01
22.06.2017,IE00B6YX5C33,SPY5 LN,Settled,22.06.2017,26.06.2017,Sale,LU17007S003111601USD,USD,1'000.00,243580,USD,243.59,USD,HSBC BANK PLC,SPDR SP 500 ETF,USD,243590,USD,10,USD,CACEIS BANK FRANCE,10,USD,0,,0.00%,0.01
22.06.2017,IE00B6YX5C33,SPY5 LN,Settled,22.06.2017,26.06.2017,Sale,LU17007S003111601USD,USD,1'000.00,243625,USD,243.635,USD,HSBC BANK PLC,SPDR SP 500 ETF,USD,243635,USD,10,USD,CACEIS BANK FRANCE,10,USD,0,,0.00%,0.01
22.06.2017,IE00B6YX5C33,SPY5 LN,Settled,22.06.2017,26.06.2017,Sale,LU17007S003111601USD,USD,1'000.00,243400,USD,243.41,USD,HSBC BANK PLC,SPDR SP 500 ETF,USD,243410,USD,10,USD,CACEIS BANK FRANCE,10,USD,0,,0.00%,0.01
22.06.2017,IE00B6YX5C33,SPY5 LN,Settled,22.06.2017,26.06.2017,Sale,LU17007S003111601USD,USD,1'000.00,243440,USD,243.45,USD,HSBC BANK PLC,SPDR SP 500 ETF,USD,243450,USD,10,USD,CACEIS BANK FRANCE,10,USD,0,,0.00%,0.01
21.06.2017,IE00BM67HR47,IE00BM67HR47,Canceled,21.06.2017,23.06.2017,Purchase,LU38007S003111685EUR,EUR,80'000.00,877092.25,EUR,10.96,EUR,CACEIS BANK S. A. GERMANY BRANCH,DBX MSCI WORLD TELECOMMS 1C,EUR,876829.2,EUR,263.05,EUR,CACEIS BANK FRANCE,263.05,EUR,0,,0.03%,0
21.06.2017,IE00B0M63060,IUKD IM,Canceled,21.06.2017,23.06.2017,Purchase,LU07007S003111603GBP,GBP,64'000.00,596501.15,GBP,9.318,GBP,HSBC BANK PLC,ISHARES UK DIV,GBP,596320,GBP,178.9,GBP,CACEIS BANK FRANCE,178.9,GBP,0,,0.03%,0
21.06.2017,GB0030913577,BTGOF,Canceled,21.06.2017,23.06.2017,Sale,LU07007S003111603GBP,GBP,157'711.00,444672.56,GBP,2.82,GBP,,BT GROUP,GBP,444807,GBP,133.44,GBP,,133.44,GBP,0,,0.03%,0
21.06.2017,FR0000130650,DSY,Settled,21.06.2017,23.06.2017,Sale,LU38007S003111685EUR,EUR,5'350.00,447040.3,EUR,83.584,EUR,CACEIS BANK,DASSAULT SYSTEMES,EUR,447174.45,EUR,134.15,EUR,CACEIS BANK FRANCE,134.15,EUR,0,,0.03%,0.03
21.06.2017,FR0010040865,GFC,Settled,21.06.2017,23.06.2017,Sale,LU38007S003111685EUR,EUR,1'100.00,150649.69,EUR,136.995,EUR,CACEIS BANK,GECINA,EUR,150694.9,EUR,45.21,EUR,CACEIS BANK FRANCE,45.21,EUR,0,,0.03%,0.04
21.06.2017,GB0030913577,BTGOF,Settled,21.06.2017,23.06.2017,Sale,LU07007S003111603GBP,GBP,157'711.00,444672.56,GBP,2.82,GBP,HSBC BANK PLC,BT GROUP,GBP,444807,GBP,133.44,GBP,CACEIS BANK FRANCE,133.44,GBP,0,,0.03%,0
21.06.2017,GB00B4VLR192,GB00B4VLR192,Settled,21.06.2017,26.06.2017,Sale,LU17007S003111601USD,USD,29'600.00,153268.77,USD,5.188,USD,BROWN BROTHERS HARRIMAN,ENSCO PLC -A-,USD,153568.12,USD,296,USD,CACEIS BANK FRANCE,296,USD,0,,0.19%,0.01
21.06.2017,GB00B8C3BL03,GB00B8C3BL03,Settled,21.06.2017,23.06.2017,Sale,LU07007S003111603GBP,GBP,26'000.00,185180.04,GBP,7.124,GBP,HSBC BANK PLC,THE SAGE GROUP,GBP,185236.61,GBP,55.57,GBP,CACEIS BANK FRANCE,55.57,GBP,0,,0.03%,0
21.06.2017,SE0006886750,ATCOA SS,Settled,21.06.2017,26.06.2017,Sale,LU31007S003111608SEK,SEK,12'500.00,4218018.21,SEK,337.543,SEK,SKANDINAVISKA ENSKILDA BANKEN AB,ATLAS COPCO AB,SEK,4219284,SEK,"1,265.790",SEK,CACEIS BANK FRANCE,"1,265.790",SEK,0,,#VALUE!,#VALUE!
21.06.2017,US0718131099,BAX US,Settled,21.06.2017,26.06.2017,Sale,LU17007S003111601USD,USD,4'500.00,271583.08,USD,60.363,USD,BROWN BROTHERS HARRIMAN,BAXTER INTL,USD,271634,USD,45,USD,CACEIS BANK FRANCE,45,USD,0,,0.02%,0.01
21.06.2017,US0970231058,BA US,Settled,21.06.2017,26.06.2017,Sale,LU17007S003111601USD,USD,1'500.00,298157.5,USD,198.786,USD,BROWN BROTHERS HARRIMAN,BOEING,USD,298179,USD,15,USD,CACEIS BANK FRANCE,15,USD,0,,0.01%,0.01
21.06.2017,US1491231015,CATR,Settled,21.06.2017,26.06.2017,Sale,LU17007S003111601USD,USD,4'400.00,465904.16,USD,105.9,USD,BROWN BROTHERS HARRIMAN,CATERPILLAR,USD,465958.32,USD,44,USD,CACEIS BANK FRANCE,44,USD,0,,0.01%,0.01
21.06.2017,US4781601046,JNJ,Settled,21.06.2017,26.06.2017,Sale,LU17007S003111601USD,USD,3'250.00,437793.08,USD,134.718,USD,BROWN BROTHERS HARRIMAN,JOHNSON AND JOHNSON,USD,437835.12,USD,32.5,USD,CACEIS BANK FRANCE,32.5,USD,0,,0.01%,0.01
21.06.2017,US5324571083,LLY,Settled,21.06.2017,26.06.2017,Sale,LU17007S003111601USD,USD,3'000.00,248879.57,USD,82.972,USD,BROWN BROTHERS HARRIMAN,ELI LILY AND,USD,248915,USD,30,USD,CACEIS BANK FRANCE,30,USD,0,,0.01%,0.01
21.06.2017,FR0000130452,FGR,Settled,21.06.2017,23.06.2017,Sale,LU38007S003111685EUR,EUR,6'700.00,567433.49,EUR,84.717,EUR,CACEIS BANK,EIFFAGE,EUR,567603.77,EUR,170.28,EUR,CACEIS BANK FRANCE,170.28,EUR,0,,0.03%,0.03
21.06.2017,DE000BAY0017,BAYZF,Settled,21.06.2017,23.06.2017,Sale,LU38007S003111685EUR,EUR,4'875.00,593700.54,EUR,121.821,EUR,CACEIS BANK S. A. GERMANY BRANCH,BAYER AG,EUR,593878.7,EUR,178.16,EUR,CACEIS BANK FRANCE,178.16,EUR,0,,0.03%,0.04
21.06.2017,DE0005190003,BAMXF,Settled,21.06.2017,23.06.2017,Sale,LU38007S003111685EUR,EUR,5'550.00,463446.29,EUR,83.529,EUR,CACEIS BANK S. A. GERMANY BRANCH,BAYERISCHE MOTOREN WERKE AG,EUR,463585.37,EUR,139.08,EUR,CACEIS BANK FRANCE,139.08,EUR,0,,0.03%,0.03
21.06.2017,CH0038863350,NSRGF,Settled,21.06.2017,23.06.2017,Sale,LU81007S003111605CHF,CHF,4'350.00,360951.71,CHF,83.002,CHF,"CACEIS BANK, SWITZERLAND BRANCH",NESTLE,CHF,361060.03,CHF,108.32,CHF,CACEIS BANK FRANCE,108.32,CHF,0,,0.03%,0.02
28.06.2017,IE00BM67HR47,IE00BM67HR47,Settled,21.06.2017,23.06.2017,Purchase,LU38007S003111685EUR,EUR,2'000.00,21927.31,EUR,10.96,EUR,CACEIS BANK S. A. GERMANY BRANCH,DBX MSCI WORLD TELECOMMS 1C,EUR,21920.73,EUR,6.58,EUR,CACEIS BANK FRANCE,6.58,EUR,0,,0.03%,0
21.06.2017,CH0012005267,NVSEF,Settled,21.06.2017,23.06.2017,Sale,LU81007S003111605CHF,CHF,4'275.00,341684.21,CHF,79.95,CHF,"CACEIS BANK, SWITZERLAND BRANCH",NOVARTIS AG,CHF,341786.75,CHF,102.54,CHF,CACEIS BANK FRANCE,102.54,CHF,0,,0.03%,0.02
28.06.2017,IE00BM67HR47,IE00BM67HR47,Settled,21.06.2017,23.06.2017,Purchase,LU38007S003111685EUR,EUR,78'000.00,855164.94,EUR,10.96,EUR,CACEIS BANK S. A. GERMANY BRANCH,DBX MSCI WORLD TELECOMMS 1C,EUR,854908.47,EUR,256.47,EUR,CACEIS BANK FRANCE,256.47,EUR,0,,0.03%,0
22.06.2017,IE00B0M63060,IUKD IM,Settled,21.06.2017,23.06.2017,Purchase,LU07007S003111603GBP,GBP,64'000.00,596501.15,GBP,9.318,GBP,CLEARSTREAM BANKING,ISHARES UK DIV,GBP,596320,GBP,178.9,GBP,CACEIS BANK FRANCE,178.9,GBP,0,,0.03%,0
21.06.2017,VGG607541015,VGG607541015,Settled,21.06.2017,26.06.2017,Purchase,LU17007S003111601USD,USD,9'500.00,330954.5,USD,34.827,USD,BROWN BROTHERS HARRIMAN,MICHAEL KORS,USD,330859.5,USD,95,USD,CACEIS BANK FRANCE,95,USD,0,,0.03%,0.01
21.06.2017,US4581401001,INTC,Settled,21.06.2017,26.06.2017,Purchase,LU17007S003111601USD,USD,13'000.00,446420.7,USD,34.33,USD,BROWN BROTHERS HARRIMAN,INTEL,USD,446290.7,USD,130,USD,CACEIS BANK FRANCE,130,USD,0,,0.03%,0.01
21.06.2017,US3696041033,US3696041033,Settled,21.06.2017,26.06.2017,Purchase,LU17007S003111601USD,USD,8'000.00,223744,USD,27.958,USD,BROWN BROTHERS HARRIMAN,GENERAL ELECTRIC,USD,223664,USD,80,USD,CACEIS BANK FRANCE,80,USD,0,,0.04%,0.01
21.06.2017,US2910111044,EMR,Settled,21.06.2017,26.06.2017,Purchase,LU17007S003111601USD,USD,6'000.00,360066.5,USD,60.001,USD,BROWN BROTHERS HARRIMAN,EMERSON ELECTRIC,USD,360006.5,USD,60,USD,CACEIS BANK FRANCE,60,USD,0,,0.02%,0.01
21.06.2017,NL0011794037,NL0011794037,Settled,21.06.2017,23.06.2017,Purchase,LU38007S003111685EUR,EUR,18'500.00,306507.72,EUR,16.563,EUR,CACEIS BANK,KONINKLIJKE AHOLD DELHAIZE NV,EUR,306415.8,EUR,91.92,EUR,CACEIS BANK FRANCE,91.92,EUR,0,,0.03%,0
21.06.2017,NL0009434992,NL0009434992,Settled,21.06.2017,26.06.2017,Purchase,LU17007S003111601USD,USD,3'500.00,281186.5,USD,80.329,USD,BROWN BROTHERS HARRIMAN,LYONDELLBASELL INDUSTRIES NV,USD,281151.5,USD,35,USD,CACEIS BANK FRANCE,35,USD,0,,0.01%,0.01
21.06.2017,LU0274221281,XSMI GT,Settled,21.06.2017,23.06.2017,Purchase,LU81007S003111605CHF,CHF,5'200.00,487787.29,CHF,93.777,CHF,"CACEIS BANK, SWITZERLAND BRANCH",DB X TRACKERS SMI ETF 1 D D,CHF,487641,CHF,146.29,CHF,CACEIS BANK FRANCE,146.29,CHF,0,,0.03%,0.03
21.06.2017,IE00B6YX5C33,SPY5 LN,Settled,21.06.2017,23.06.2017,Purchase,LU17007S003111601USD,USD,4'000.00,976875,USD,244.209,USD,HSBC BANK PLC,SPDR SP 500 ETF,USD,976835,USD,40,USD,CACEIS BANK FRANCE,40,USD,0,,0.00%,0.01
21.06.2017,CH0012138605,ADE,Settled,21.06.2017,23.06.2017,Purchase,LU81007S003111605CHF,CHF,3'300.00,245167.13,CHF,74.271,CHF,"CACEIS BANK, SWITZERLAND BRANCH",ADECCO GROUP AG-REG,CHF,245093.6,CHF,73.53,CHF,CACEIS BANK FRANCE,73.53,CHF,0,,0.03%,0.02
21.06.2017,DE0007664039,VWPP,Settled,21.06.2017,23.06.2017,Purchase,LU38007S003111685EUR,EUR,2'100.00,277703.29,EUR,132.2,EUR,CACEIS BANK S. A. GERMANY BRANCH,VOLK AKTI PREF,EUR,277620,EUR,83.29,EUR,CACEIS BANK FRANCE,83.29,EUR,0,,0.03%,0.04
21.06.2017,DE000BASF111,DE000BASF111,Settled,21.06.2017,23.06.2017,Purchase,LU38007S003111685EUR,EUR,2'650.00,228044.71,EUR,86.029,EUR,CACEIS BANK S. A. GERMANY BRANCH,BASF SE,EUR,227976.32,EUR,68.39,EUR,CACEIS BANK FRANCE,68.39,EUR,0,,0.03%,0.03
21.06.2017,FR0000120628,CS FP,Settled,21.06.2017,23.06.2017,Purchase,LU38007S003111685EUR,EUR,10'500.00,254022.71,EUR,24.113,EUR,CACEIS BANK,AXA,EUR,253187.19,EUR,75.96,EUR,CACEIS BANK FRANCE,75.96,EUR,759.56,EUR,0.03%,0.01
21.06.2017,FR0000131104,BNP FP,Settled,21.06.2017,23.06.2017,Purchase,LU38007S003111685EUR,EUR,4'000.00,249334.03,EUR,62.128,EUR,CACEIS BANK,BNP PARIBAS,EUR,248513.94,EUR,74.55,EUR,CACEIS BANK FRANCE,74.55,EUR,745.54,EUR,0.03%,0.02
08.06.2017,DE0007664039,VWPP,Canceled,08.06.2017,12.06.2017,Purchase,LU38007S003111685EUR,EUR,2'000.00,265197.8,EUR,132.4,EUR,CACEIS BANK S. A. GERMANY BRANCH,VOLK AKTI PREF,EUR,264800.6,EUR,397.2,EUR,SOCIETE GENERALE LONDRES,397.2,EUR,0,,0.15%,0.2
09.06.2017,DE0007664039,VWPP,Settled,08.06.2017,12.06.2017,Purchase,LU38007S003111685EUR,EUR,2'000.00,264800.6,EUR,132.202,EUR,CACEIS BANK S. A. GERMANY BRANCH,VOLK AKTI PREF,EUR,264404,EUR,396.6,EUR,SOCIETE GENERALE LONDRES,396.6,EUR,0,,0.15%,0.2
23.05.2017,CH0038863350,NSRGF,Settled,23.05.2017,26.05.2017,Sale,LU81007S003111605CHF,CHF,4'350.00,360941.68,CHF,83,CHF,"CACEIS BANK, SWITZERLAND BRANCH",NESTLE,CHF,361050,CHF,108.32,CHF,CACEIS BANK FRANCE,108.32,CHF,0,,0.03%,0.02
23.05.2017,US7170811035,PFZ,Settled,23.05.2017,26.05.2017,Purchase,LU17007S003111601USD,USD,6'600.00,212311.96,USD,32.158,USD,BROWN BROTHERS HARRIMAN,PFIZER,USD,212245.96,USD,66,USD,CACEIS BANK FRANCE,66,USD,0,,0.03%,0.01
23.05.2017,US1897541041,COH,Settled,23.05.2017,26.05.2017,Sale,LU17007S003111601USD,USD,10'800.00,494866.03,USD,45.832,USD,BROWN BROTHERS HARRIMAN,COACH,USD,494984.82,USD,108,USD,CACEIS BANK FRANCE,108,USD,0,,0.02%,0.01
23.05.2017,US4824801009,KLAC,Settled,23.05.2017,26.05.2017,Sale,LU17007S003111601USD,USD,5'250.00,536853.3,USD,102.27,USD,BROWN BROTHERS HARRIMAN,KLA TENCOR,USD,536917.5,USD,52.5,USD,CACEIS BANK FRANCE,52.5,USD,0,,0.01%,0.01
23.05.2017,US9130171096,UT,Settled,23.05.2017,26.05.2017,Sale,LU17007S003111601USD,USD,3'000.00,366565.01,USD,122.201,USD,BROWN BROTHERS HARRIMAN,UNITED TECHNOLOGIES CORP,USD,366603,USD,30,USD,CACEIS BANK FRANCE,30,USD,0,,0.01%,0.01
23.05.2017,BE0003470755,SOLP,Settled,23.05.2017,25.05.2017,Purchase,LU38007S003111685EUR,EUR,2'000.00,235655.38,EUR,117.792,EUR,CACEIS BANK,SOLVAY,EUR,235584.7,EUR,70.68,EUR,CACEIS BANK FRANCE,70.68,EUR,0,,0.03%,0.04
23.05.2017,DE0007236101,SI,Settled,23.05.2017,25.05.2017,Purchase,LU38007S003111685EUR,EUR,1'600.00,203100.91,EUR,126.9,EUR,CACEIS BANK S. A. GERMANY BRANCH,SIEMENS AG,EUR,203040,EUR,60.91,EUR,CACEIS BANK FRANCE,60.91,EUR,0,,0.03%,0.04
23.05.2017,DE000BASF111,DE000BASF111,Settled,23.05.2017,25.05.2017,Purchase,LU38007S003111685EUR,EUR,5'300.00,452115.37,EUR,85.279,EUR,CACEIS BANK S. A. GERMANY BRANCH,BASF SE,EUR,451979.78,EUR,135.59,EUR,CACEIS BANK FRANCE,135.59,EUR,0,,0.03%,0.03
23.05.2017,DE000BAY0017,BAYZF,Settled,23.05.2017,25.05.2017,Purchase,LU38007S003111685EUR,EUR,2'500.00,294545.34,EUR,117.783,EUR,CACEIS BANK S. A. GERMANY BRANCH,BAYER AG,EUR,294457,EUR,88.34,EUR,CACEIS BANK FRANCE,88.34,EUR,0,,0.03%,0.04
23.05.2017,FR0000124711,UL NA,Settled,23.05.2017,25.05.2017,Purchase,LU38007S003111685EUR,EUR,1'000.00,233430.69,EUR,232.663,EUR,CACEIS BANK,UNIBAIL RODAMCO SE,EUR,232662.9,EUR,69.8,EUR,CACEIS BANK FRANCE,69.8,EUR,697.99,EUR,0.03%,0.07
23.05.2017,NL0010273215,NL0010273215,Settled,23.05.2017,25.05.2017,Purchase,LU38007S003111685EUR,EUR,2'000.00,239066.7,EUR,119.498,EUR,CACEIS BANK,ASML HOLDING NV,EUR,238995,EUR,71.7,EUR,CACEIS BANK FRANCE,71.7,EUR,0,,0.03%,0.04
23.05.2017,US12673P1057,CA,Settled,23.05.2017,26.05.2017,Purchase,LU17007S003111601USD,USD,8'000.00,253544.21,USD,31.683,USD,BROWN BROTHERS HARRIMAN,CA,USD,253464.21,USD,80,USD,CACEIS BANK FRANCE,80,USD,0,,0.03%,0.01
23.05.2017,US17275R1023,CSCO US,Settled,23.05.2017,26.05.2017,Purchase,LU17007S003111601USD,USD,14'000.00,443657.52,USD,31.68,USD,BROWN BROTHERS HARRIMAN,CISCO SYSTEMS,USD,443517.52,USD,140,USD,CACEIS BANK FRANCE,140,USD,0,,0.03%,0.01
23.05.2017,US3696041033,US3696041033,Settled,23.05.2017,26.05.2017,Purchase,LU17007S003111601USD,USD,8'000.00,225597.5,USD,28.19,USD,BROWN BROTHERS HARRIMAN,GENERAL ELECTRIC,USD,225517.5,USD,80,USD,CACEIS BANK FRANCE,80,USD,0,,0.04%,0.01
23.05.2017,US3703341046,GIS,Settled,23.05.2017,26.05.2017,Purchase,LU17007S003111601USD,USD,5'100.00,289625.5,USD,56.779,USD,BROWN BROTHERS HARRIMAN,GENERAL MILLS,USD,289574.5,USD,51,USD,CACEIS BANK FRANCE,51,USD,0,,0.02%,0.01
23.05.2017,US3755581036,GILD,Settled,23.05.2017,26.05.2017,Purchase,LU17007S003111601USD,USD,6'800.00,440202.73,USD,64.726,USD,BROWN BROTHERS HARRIMAN,GILEAD SCIENCES INC,USD,440134.73,USD,68,USD,CACEIS BANK FRANCE,68,USD,0,,0.02%,0.01
23.05.2017,US5324571083,LLY,Settled,23.05.2017,26.05.2017,Purchase,LU17007S003111601USD,USD,3'000.00,234323.08,USD,78.098,USD,BROWN BROTHERS HARRIMAN,ELI LILY AND,USD,234293.08,USD,30,USD,CACEIS BANK FRANCE,30,USD,0,,0.01%,0.01
23.05.2017,US0378331005,AAPL US,Settled,23.05.2017,26.05.2017,Sale,LU17007S003111601USD,USD,3'202.00,493015.45,USD,153.984,USD,BROWN BROTHERS HARRIMAN,APPLE,USD,493058.22,USD,32.02,USD,CACEIS BANK FRANCE,32.02,USD,0,,0.01%,0.01
